activity,microseconds
HSV Index,216414
HSV Index,228434
HSV Index,213458
HSV Index,211462
HSV Index,220413
HSV Index,210458
HSV Index,213410
HSV Index,216453
HSV Index,213463
HSV Index,213428
HSV Index,213425
HSV Index,213438
HSV Index,210462
HSV Index,213463
HSV Index,209440
HSV Index,211432
HSV Index,209438
HSV Index,210436
HSV Index,219409
HSV Index,219440
HSV Index,214422
HSV Index,216454
HSV Index,228378
HSV Index,220431
HSV Index,217446
HSV Index,224400
HSV Index,593412
HSV Index,218426
HSV Index,220418
HSV Index,215494
HSV Index,215421
HSV Index,214419
HSV Index,212402
HSV Index,214463
HSV Index,217450
HSV Index,219425
HSV Index,213432
HSV Index,215425
HSV Index,211429
HSV Index,209505
HSV Index,211440
HSV Index,213430
HSV Index,216419
HSV Index,212430
HSV Index,210434
HSV Index,231422
HSV Index,214390
HSV Index,230380
HSV Index,218384
HSV Index,290199
HSV Index,209433
HSV Index,226113
HSV Index,228383
HSV Index,232382
HSV Index,212431
HSV Index,211434
HSV Index,220410
HSV Index,213539
HSV Index,209440
HSV Index,222431
HSV Index,215420
HSV Index,221409
HSV Index,210438
HSV Index,219414
HSV Index,212431
HSV Index,215423
HSV Index,215514
HSV Index,213425
HSV Index,222440
HSV Index,218455
HSV Index,215450
HSV Index,209468
HSV Index,223429
HSV Index,212432
HSV Index,213461
HSV Index,220405
HSV Index,215457
HSV Index,217421
HSV Index,215424
HSV Index,216386
HSV Index,218457
HSV Index,222400
HSV Index,223386
HSV Index,215424
HSV Index,862694
HSV Index,894604
HSV Index,859731
HSV Index,859734
HSV Index,857739
HSV Index,9302
HSV Index,872945
HSV Index,904634
HSV Index,881615
HSV Index,883165
HSV Index,909599
HSV Index,878821
HSV Index,905570
HSV Index,878675
HSV Index,858705
HSV Index,857703
HSV Index,904624
HSV Index,861691
HSV Index,891656
HSV Index,847735
HSV Index,860765
HSV Index,861694
HSV Index,934465
HSV Index,888627
HSV Index,876612
HSV Index,874663
HSV Index,906566
HSV Index,864720
HSV Index,934497
HSV Index,887625
HSV Index,882636
HSV Index,870713
HSV Index,852718
HSV Index,850725
HSV Index,926476
HSV Index,855743
HSV Index,851757
HSV Index,856709
HSV Index,858704
HSV Index,844718
HSV Index,851166
HSV Index,853718
HSV Index,846737
HSV Index,840750
HSV Index,843774
HSV Index,835764
HSV Index,836764
HSV Index,853712
HSV Index,855716
HSV Index,841747
HSV Index,861660
HSV Index,864688
HSV Index,845736
HSV Index,875639
HSV Index,851754
HSV Index,852167
HSV Index,858700
HSV Index,851720
HSV Index,864686
HSV Index,845739
HSV Index,862111
HSV Index,870701
HSV Index,859703
HSV Index,858705
HSV Index,858700
HSV Index,855760
HSV Index,860699
HSV Index,859704
HSV Index,862726
HSV Index,855713
HSV Index,853710
HSV Index,847733
HSV Index,859701
HSV Index,853749
HSV Index,851743
HSV Index,856710
HSV Index,853070
HSV Index,850756
HSV Index,849732
HSV Index,840758
HSV Index,851720
HSV Index,852751
HSV Index,895606
HSV Index,899626
HSV Index,948463
HSV Index,932507
HSV Index,934501
HSV Index,937487
HSV Index,932508
HSV Index,31243
HSV Index,941486
HSV Index,924532
HSV Index,900923
HSV Index,885933
HSV Index,875839
HSV Index,893590
HSV Index,877205
HSV Index,877783
HSV Index,877300
HSV Index,884260
HSV Index,877915
HSV Index,879522
HSV Index,882499
HSV Index,877704
HSV Index,882756
HSV Index,883958
HSV Index,882177
HSV Index,876148
HSV Index,873877
HSV Index,875355
HSV Index,877970
HSV Index,863384
HSV Index,872825
HSV Index,878671
HSV Index,868952
HSV Index,878233
HSV Index,878518
HSV Index,877580
HSV Index,877010
HSV Index,869863
HSV Index,867766
HSV Index,875825
HSV Index,873778
HSV Index,876690
HSV Index,885329
HSV Index,872621
HSV Index,878006
HSV Index,866757
HSV Index,871695
HSV Index,873952
HSV Index,880721
HSV Index,866268
HSV Index,871368
HSV Index,871720
HSV Index,865487
HSV Index,873437
HSV Index,867496
HSV Index,865337
HSV Index,868681
HSV Index,887818
HSV Index,876849
HSV Index,868591
HSV Index,880637
HSV Index,875923
HSV Index,869760
HSV Index,873347
HSV Index,857134
HSV Index,876876
HSV Index,877787
HSV Index,863745
HSV Index,863305
HSV Index,871530
HSV Index,863284
HSV Index,858061
HSV Index,874385
HSV Index,875026
HSV Index,881623
HSV Index,873734
HSV Index,891224
HSV Index,885331
HSV Index,859463
HSV Index,868648
HSV Index,869078
HSV Index,869025
HSV Index,887006
HSV Index,885264
HSV Index,872500
HSV Index,901089
HSV Index,861641
HSV Index,869400
HSV Index,912314
HSV Index,919349
HSV Index,866586
HSV Index,879290
HSV Index,869984
HSV Index,878105
HSV Index,902443
HSV Index,887858
HSV Index,886439
HSV Index,888712
HSV Index,877121
HSV Index,884938
HSV Index,883948
HSV Index,899395
HSV Index,884216
HSV Index,882751
HSV Index,879810
HSV Index,886257
HSV Index,869532
HSV Index,863897
HSV Index,860727
HSV Index,863824
HSV Index,872508
HSV Index,877568
HSV Index,219567
HSV Index,867096
HSV Index,876163
HSV Index,877129
HSV Index,867574
HSV Index,869397
HSV Index,873230
HSV Index,877866
HSV Index,871997
HSV Index,876431
HSV Index,875906
HSV Index,871787
HSV Index,873352
HSV Index,873814
HSV Index,873618
HSV Index,870299
HSV Index,877253
HSV Index,881512
HSV Index,871089
HSV Index,868519
HSV Index,869562
HSV Index,919507
HSV Index,862294
HSV Index,869458
HSV Index,876049
HSV Index,865876
HSV Index,871763
HSV Index,874862
HSV Index,893801
HSV Index,877583
HSV Index,878089
HSV Index,883602
HSV Index,879444
HSV Index,881872
HSV Index,876050
HSV Index,874817
HSV Index,875648
HSV Index,864374
HSV Index,873398
HSV Index,872164
HSV Index,876232
HSV Index,864560
HSV Index,877547
HSV Index,873985
HSV Index,874100
HSV Index,866700
HSV Index,874153
HSV Index,871878
HSV Index,868516
HSV Index,877218
HSV Index,877043
HSV Index,861485
HSV Index,876915
HSV Index,868620
HSV Index,876874
HSV Index,868297
HSV Index,871583
HSV Index,905126
HSV Index,883907
HSV Index,881721
HSV Index,865482
HSV Index,879100
HSV Index,872364
HSV Index,872301
HSV Index,888722
HSV Index,876195
HSV Index,886994
HSV Index,881523
HSV Index,875519
HSV Index,882392
HSV Index,878141
HSV Index,871676
HSV Index,865986
HSV Index,859868
HSV Index,867027
HSV Index,872636
HSV Index,869363
HSV Index,879006
HSV Index,877444
HSV Index,864660
HSV Index,864398
HSV Index,861497
HSV Index,871293
HSV Index,889622
HSV Index,883852
HSV Index,865743
HSV Index,875755
HSV Index,870154
HSV Index,871321
HSV Index,862411
HSV Index,859865
